User Input,Chatbot Response,Timestamp
hi,Hi there,2024-12-01 21:54:33
what is trading?,My purpose is to assist you,2024-12-01 21:54:44
How can I start day trading?,Start with a small investment and never risk more than you can afford to lose.,2024-12-01 21:55:22
Tips for retirement savings?,Diversify your savings across different investment types for better security.,2024-12-01 21:55:38
Can you help me create a savings plan?,"For short-term goals, consider saving for emergencies or paying off debt.",2024-12-01 21:55:57
What are short-term financial goals?,"For short-term goals, consider saving for emergencies or paying off debt.",2024-12-01 21:56:13
hi,Hi there,2024-12-01 21:59:00
how are you,Hey,2024-12-01 21:59:07
i need help,I'm here to help. What's the problem?,2024-12-01 21:59:14
what is your name,I am a chatbot,2024-12-01 21:59:22
What are the best investment options,Consider low-risk options like bonds or fixed deposits if you're risk-averse.,2024-12-01 22:00:21
